{
    "Linear Regression": {
        "R2": 0.8850327510769644,
        "MAE": 50999266.433324784,
        "RMSE": 95853893.63859367
    },
    "Random Forest": {
        "R2": 0.9509948968940225,
        "MAE": 27008173.24075192,
        "RMSE": 62581121.667249314
    },
    "DNN": {
        "R2": 0.8705806524032,
        "MAE": 65024291.62561567,
        "RMSE": 101700313.66618133
    }
}